INSERT INTO `notices`(`id`, `title`, `content`, `create_time`, `updateTime`) VALUES (1, '发热门诊筛查', '  若您出现发热、呼吸道症状（咳嗽、打喷嚏、流鼻涕）、胸闷等症状，请立即前往“发热门诊”筛查。挂号、开检查单、新冠病毒检测等全部在发热门诊完成。', '2022-05-19 20:35:54.785993', NULL);
INSERT INTO `notices`(`id`, `title`, `content`, `create_time`, `updateTime`) VALUES (2, '五一放假安排', '五一放假安排还是按原来说的那样做！！！', '2022-05-19 20:49:06.340424', '2022-05-20 21:05:13.000000');
INSERT INTO `notices`(`id`, `title`, `content`, `create_time`, `updateTime`) VALUES (3, '周五', '今天是周五，明天是工作日，下下周五是端午节要放假，哈哈[流汗黄豆]', '2022-05-20 20:46:01.708324', '2022-05-20 20:46:19.000000');

INSERT INTO `users`(`id`, `user_name`, `pass_word`, `create_time`, `update_time`, `type`) VALUES (1, 'admin', 'admin', '2020-05-19 15:53:00.000000', '2022-06-07 17:58:38.000000', 0);
INSERT INTO `users`(`id`, `user_name`, `pass_word`, `create_time`, `update_time`, `type`) VALUES (2, 'zhangsan', 'zhangsan', '2022-05-19 18:53:59.000000', NULL, 1);
INSERT INTO `users`(`id`, `user_name`, `pass_word`, `create_time`, `update_time`, `type`) VALUES (3, 'lisi', 'lisi', '2022-05-19 18:54:16.000000', NULL, 1);
INSERT INTO `users`(`id`, `user_name`, `pass_word`, `create_time`, `update_time`, `type`) VALUES (4, 'wangwu', 'wangwu', '2022-05-19 18:54:37.000000', NULL, 1);
INSERT INTO `users`(`id`, `user_name`, `pass_word`, `create_time`, `update_time`, `type`) VALUES (5, 'zhaoliu', 'zhaoliu', '2022-05-19 18:55:06.000000', NULL, 1);
INSERT INTO `users`(`id`, `user_name`, `pass_word`, `create_time`, `update_time`, `type`) VALUES (6, 'sumei', 'sumei', '2022-05-19 18:56:12.000000', NULL, 2);
INSERT INTO `users`(`id`, `user_name`, `pass_word`, `create_time`, `update_time`, `type`) VALUES (8, 'kiri', 'kiri', '2022-05-19 18:56:59.000000', NULL, 2);
INSERT INTO `users`(`id`, `user_name`, `pass_word`, `create_time`, `update_time`, `type`) VALUES (9, 'tengmao', 'tengmao', '2022-05-19 18:57:21.000000', NULL, 2);
INSERT INTO `users`(`id`, `user_name`, `pass_word`, `create_time`, `update_time`, `type`) VALUES (10, 'kamisama', 'kamisama', '2022-05-19 18:57:41.000000', NULL, 0);
INSERT INTO `users`(`id`, `user_name`, `pass_word`, `create_time`, `update_time`, `type`) VALUES (11, 'liangfeng', 'liangfeng', '2022-05-20 00:34:59.000000', '2022-05-22 13:36:57.000000', 1);
INSERT INTO `users`(`id`, `user_name`, `pass_word`, `create_time`, `update_time`, `type`) VALUES (12, 'wang', 'wang', '2022-05-22 00:13:15.861356', NULL, 1);
INSERT INTO `users`(`id`, `user_name`, `pass_word`, `create_time`, `update_time`, `type`) VALUES (16, 'sun', 'sun', '2022-05-22 11:10:15.254655', NULL, 1);
INSERT INTO `users`(`id`, `user_name`, `pass_word`, `create_time`, `update_time`, `type`) VALUES (19, 'tet', 'wtr', '2022-05-22 13:50:42.413950', NULL, 1);
INSERT INTO `users`(`id`, `user_name`, `pass_word`, `create_time`, `update_time`, `type`) VALUES (22, 'ssl', 'ssl', '2022-05-22 14:01:25.381788', NULL, 0);
INSERT INTO `users`(`id`, `user_name`, `pass_word`, `create_time`, `update_time`, `type`) VALUES (23, 'ssl', 'ssl', '2022-06-02 22:05:17.000000', '2022-06-12 11:47:54.000000', 2);
INSERT INTO `users`(`id`, `user_name`, `pass_word`, `create_time`, `update_time`, `type`) VALUES (24, 'kaze', 'kaze', '2022-06-07 13:49:28.276679', '2022-06-12 11:49:13.000000', 1);
INSERT INTO `users`(`id`, `user_name`, `pass_word`, `create_time`, `update_time`, `type`) VALUES (25, 'gg', 'gg', '2022-06-07 14:10:45.944004', NULL, 2);
INSERT INTO `users`(`id`, `user_name`, `pass_word`, `create_time`, `update_time`, `type`) VALUES (31, 'li', 'li', '2022-06-10 20:21:17.990028', NULL, 2);
INSERT INTO `users`(`id`, `user_name`, `pass_word`, `create_time`, `update_time`, `type`) VALUES (35, 'b', 'b', '2022-06-11 19:45:20.930853', NULL, 2);
INSERT INTO `users`(`id`, `user_name`, `pass_word`, `create_time`, `update_time`, `type`) VALUES (36, 'c', 'c', '2022-06-12 10:41:56.088746', NULL, 2);
INSERT INTO `users`(`id`, `user_name`, `pass_word`, `create_time`, `update_time`, `type`) VALUES (37, 'a', 'a', '2022-06-12 19:32:03.638026', NULL, 3);

INSERT INTO `departments`(`id`, `did`, `name`, `describe`, `update_time`, `status`, `create_time`) VALUES (1, '101', '预防保健科', '包括预防保健科', NULL, 1, '2022-05-19 18:46:26.000000');
INSERT INTO `departments`(`id`, `did`, `name`, `describe`, `update_time`, `status`, `create_time`) VALUES (2, '102', '全科医疗科', '包括全科医疗科', NULL, 1, '2022-05-19 18:49:21.000000');
INSERT INTO `departments`(`id`, `did`, `name`, `describe`, `update_time`, `status`, `create_time`) VALUES (3, '103', '内科', '内科门诊，包括呼吸内科、消化内科、神经内科、心血管内科、血液内科、肾病学、内分泌、免疫学、变态反应、老年病、内科其他等门诊', NULL, 1, '2022-05-19 18:50:34.000000');
INSERT INTO `departments`(`id`, `did`, `name`, `describe`, `update_time`, `status`, `create_time`) VALUES (4, '104', '外科', '包括普通外科、肝脏移植、胰腺移植、小肠移植、神经外科、骨科、泌尿外科、肾病移植、胸外科、肺脏移植、心脏移植、整形外科、烧伤外科等外科门诊', NULL, 1, '2022-05-19 18:52:20.000000');
INSERT INTO `departments`(`id`, `did`, `name`, `describe`, `update_time`, `status`, `create_time`) VALUES (5, '105', '妇产科', '妇产科包括妇科、产科、计划生育、优生学、生殖健康与不孕症等门诊', NULL, 1, '2022-05-19 18:53:24.000000');
INSERT INTO `departments`(`id`, `did`, `name`, `describe`, `update_time`, `status`, `create_time`) VALUES (6, '106', '妇女保健科', '妇女保健科包括青春期保健门诊、围产期保健门诊、更年期保健门诊及妇女保健科其他门诊', NULL, 1, '2022-05-19 19:00:54.000000');
INSERT INTO `departments`(`id`, `did`, `name`, `describe`, `update_time`, `status`, `create_time`) VALUES (7, '107', '儿科', '儿科门诊包括新生儿门诊、小儿传染病门诊、小儿消化门诊、小儿呼吸门诊、小儿心脏病门诊、小儿肾病门诊、小儿神经病学门诊、小儿内分泌门诊、小儿遗传病门诊、小儿免疫门诊、儿科其他门诊', NULL, 1, '2022-05-19 19:02:50.000000');
INSERT INTO `departments`(`id`, `did`, `name`, `describe`, `update_time`, `status`, `create_time`) VALUES (8, '108', '小儿外科', '小儿外科包括小儿普通外科门诊、小儿骨科门诊、小儿泌尿外科门诊、小二胸心外科门诊、小儿神经外科门诊、小儿外科其他门诊', NULL, 1, '2022-05-19 19:04:37.000000');
INSERT INTO `departments`(`id`, `did`, `name`, `describe`, `update_time`, `status`, `create_time`) VALUES (9, '109', '儿童保健科', '儿童保健科门诊包括儿童生长发育门诊、儿童五官保健门诊、儿童保健科其他门诊', NULL, 1, '2022-05-19 19:05:28.000000');
INSERT INTO `departments`(`id`, `did`, `name`, `describe`, `update_time`, `status`, `create_time`) VALUES (10, '110', '眼科', '眼科门诊', NULL, 1, '2022-05-19 19:05:57.000000');
INSERT INTO `departments`(`id`, `did`, `name`, `describe`, `update_time`, `status`, `create_time`) VALUES (11, '111', '耳鼻咽喉科', '耳鼻咽喉科门诊包括耳科门诊、鼻科门诊、咽喉门诊、耳鼻咽喉科其他门诊', NULL, 1, '2022-05-19 19:07:01.000000');
INSERT INTO `departments`(`id`, `did`, `name`, `describe`, `update_time`, `status`, `create_time`) VALUES (12, '112', '口腔科', '口腔科门诊包括牙体牙髓病门诊、牙周病门诊、口腔粘膜病门诊、儿童口腔门诊、口腔颌面外科门诊、口腔修复门诊、口腔正畸门诊、口腔种植门诊、预防口腔门诊、口腔科其他门诊', NULL, 1, '2022-05-19 19:08:52.000000');
INSERT INTO `departments`(`id`, `did`, `name`, `describe`, `update_time`, `status`, `create_time`) VALUES (13, '113', '皮肤科', '包括皮肤病门诊、性传播疾病门诊、皮肤科其他门诊', NULL, 1, '2022-05-19 19:10:13.000000');
INSERT INTO `departments`(`id`, `did`, `name`, `describe`, `update_time`, `status`, `create_time`) VALUES (14, '114', '医疗美容科', '医疗美容科门诊', NULL, 1, '2022-05-19 19:10:46.000000');
INSERT INTO `departments`(`id`, `did`, `name`, `describe`, `update_time`, `status`, `create_time`) VALUES (15, '115', '精神科', '包括精神病门诊、精神卫生门诊、药物依赖门诊、精神心理社区防治门诊、临床心理门诊、司法精神门诊、精神科其他门诊', NULL, 1, '2022-05-19 19:13:11.000000');
INSERT INTO `departments`(`id`, `did`, `name`, `describe`, `update_time`, `status`, `create_time`) VALUES (16, '116', '传染科', '传染科门诊包括肠道传染病门诊、呼吸道传染病门诊、肝炎门诊、虫媒传染病门诊、动物源性传染病门诊、蠕虫病门诊、传染科其他门诊', NULL, 1, '2022-05-19 19:14:35.000000');
INSERT INTO `departments`(`id`, `did`, `name`, `describe`, `update_time`, `status`, `create_time`) VALUES (17, '117', '结核病科', '结核病科门诊', NULL, 1, '2022-05-19 19:15:02.000000');
INSERT INTO `departments`(`id`, `did`, `name`, `describe`, `update_time`, `status`, `create_time`) VALUES (18, '118', '地方病科', '地方病科门诊', NULL, 1, '2022-05-19 19:15:48.000000');
INSERT INTO `departments`(`id`, `did`, `name`, `describe`, `update_time`, `status`, `create_time`) VALUES (19, '119', '肿瘤科', '肿瘤科门诊', NULL, 1, '2022-05-19 19:16:11.000000');
INSERT INTO `departments`(`id`, `did`, `name`, `describe`, `update_time`, `status`, `create_time`) VALUES (20, '120', '急诊科', '急诊科门诊', NULL, 1, '2022-05-19 19:16:37.000000');
INSERT INTO `departments`(`id`, `did`, `name`, `describe`, `update_time`, `status`, `create_time`) VALUES (21, '121', '康复医学科', '康复医学科门诊', NULL, 1, '2022-05-19 19:17:04.000000');
INSERT INTO `departments`(`id`, `did`, `name`, `describe`, `update_time`, `status`, `create_time`) VALUES (22, '122', '理疗科', '理疗科门诊', NULL, 1, '2022-05-19 19:17:25.000000');
INSERT INTO `departments`(`id`, `did`, `name`, `describe`, `update_time`, `status`, `create_time`) VALUES (23, '123', '运动医学科', '运动医学科门诊', NULL, 1, '2022-05-19 19:17:43.000000');
INSERT INTO `departments`(`id`, `did`, `name`, `describe`, `update_time`, `status`, `create_time`) VALUES (24, '124', '职业病科', '包括职业中毒门诊、尘肺门诊、放射病门诊、物理因素损伤门诊、职业健康监护门诊、职业病科其他门诊', NULL, 1, '2022-05-19 19:18:38.000000');
INSERT INTO `departments`(`id`, `did`, `name`, `describe`, `update_time`, `status`, `create_time`) VALUES (25, '125', '临终关怀科', '临终关怀科门诊', NULL, 1, '2022-05-19 19:19:05.000000');
INSERT INTO `departments`(`id`, `did`, `name`, `describe`, `update_time`, `status`, `create_time`) VALUES (26, '126', '特种医学与军事医学科', '特种医学与军事医学科门诊', NULL, 1, '2022-05-19 19:19:35.000000');
INSERT INTO `departments`(`id`, `did`, `name`, `describe`, `update_time`, `status`, `create_time`) VALUES (27, '127', '重症监护科', '重症监护门诊', NULL, 1, '2022-05-19 19:20:18.000000');
INSERT INTO `departments`(`id`, `did`, `name`, `describe`, `update_time`, `status`, `create_time`) VALUES (28, '128', '麻醉科', '麻醉科门诊', NULL, 1, '2022-05-19 19:20:36.000000');
INSERT INTO `departments`(`id`, `did`, `name`, `describe`, `update_time`, `status`, `create_time`) VALUES (29, '129', '疼痛科', '疼痛科门诊', NULL, 1, '2022-05-19 19:21:08.000000');
INSERT INTO `departments`(`id`, `did`, `name`, `describe`, `update_time`, `status`, `create_time`) VALUES (30, '130', '手术室', '手术室门诊', NULL, 1, '2022-05-19 19:21:25.000000');
INSERT INTO `departments`(`id`, `did`, `name`, `describe`, `update_time`, `status`, `create_time`) VALUES (31, '131', '临床营养科', '临床营养科门诊', NULL, 1, '2022-05-19 19:21:53.000000');
INSERT INTO `departments`(`id`, `did`, `name`, `describe`, `update_time`, `status`, `create_time`) VALUES (32, '132', '中医科', '中医科门诊包括中医内科门诊、中医外科门诊、中医妇产科门诊、中医儿科门诊、中医皮肤科门诊、中医眼科门诊、中医耳鼻咽喉科门诊、中医口腔科门诊、中医肿瘤科门诊、中医骨伤科门诊、中医肛肠科门诊、中医老年病科门诊、中医针灸科门诊、中医针灸理疗门诊、中医推拿科门诊、中医康复医学门诊、中医急诊科门诊、中医预防保健科门诊、中医科其他门诊', NULL, 1, '2022-05-19 19:22:49.000000');
INSERT INTO `departments`(`id`, `did`, `name`, `describe`, `update_time`, `status`, `create_time`) VALUES (33, '133', '中西医结合科', '中西医结合科门诊', NULL, 1, '2022-05-19 19:25:33.000000');
INSERT INTO `departments`(`id`, `did`, `name`, `describe`, `update_time`, `status`, `create_time`) VALUES (34, '134', '民族医学科', '维吾尔医学门诊、藏医学门诊、蒙医学门诊、彝医学门诊、傣医学门诊、民族医学科其他门诊', NULL, 1, '2022-05-19 19:26:21.000000');
INSERT INTO `departments`(`id`, `did`, `name`, `describe`, `update_time`, `status`, `create_time`) VALUES (35, '135', '互联网（远程）中心', '互联网（远程）中心', '2022-05-21 01:19:41.000000', 3, '2022-05-19 19:27:03.000000');
INSERT INTO `departments`(`id`, `did`, `name`, `describe`, `update_time`, `status`, `create_time`) VALUES (36, '199', '其他科室', '其他科室门诊', NULL, 1, '2022-05-19 19:27:32.000000');
INSERT INTO `departments`(`id`, `did`, `name`, `describe`, `update_time`, `status`, `create_time`) VALUES (37, '201', '预防保健科住院', '预防保健科住院', NULL, 2, '2022-05-19 19:29:43.000000');
INSERT INTO `departments`(`id`, `did`, `name`, `describe`, `update_time`, `status`, `create_time`) VALUES (38, '202', '全科医疗科住院', '全科医疗科住院', NULL, 2, '2022-05-19 19:30:10.000000');
INSERT INTO `departments`(`id`, `did`, `name`, `describe`, `update_time`, `status`, `create_time`) VALUES (39, '203', '内科住院', '包括呼吸内科住院、消化内科住院、神经内科住院、心血管内科住院、血液内科住院、肾病学住院、内分泌住院、免疫学住院、变态反应住院、老年病住院、内科其他住院', NULL, 2, '2022-05-19 19:31:37.000000');
INSERT INTO `departments`(`id`, `did`, `name`, `describe`, `update_time`, `status`, `create_time`) VALUES (40, '204', '外科住院', '包括普通外科住院、肝脏移植住院、胰腺移植住院、小肠移植住院、神经外科住院、骨科住院、泌尿外科住院、肾病移植住院、胸外科住院、肺脏移植住院、心脏大血管外科住院、心脏移植住院、烧伤外科住院、整形外科住院、介入科住院、外科其他住院', NULL, 2, '2022-05-19 19:33:17.000000');
INSERT INTO `departments`(`id`, `did`, `name`, `describe`, `update_time`, `status`, `create_time`) VALUES (41, '205', '妇产科住院', '妇产科住院包括妇产住院、产科住院、计划生育住院、优生学住院、生殖健康与不孕症住院、妇产科其他住院', NULL, 2, '2022-05-19 19:34:25.000000');
INSERT INTO `departments`(`id`, `did`, `name`, `describe`, `update_time`, `status`, `create_time`) VALUES (42, '206', '妇女保健科住院', '包括青春期保健住院、围产期保健住院、更年期保健住院、妇女保健科其他住院', NULL, 2, '2022-05-19 19:35:23.000000');
INSERT INTO `departments`(`id`, `did`, `name`, `describe`, `update_time`, `status`, `create_time`) VALUES (43, '207', '儿科住院', '包括新生儿住院、小儿传染病住院、小儿消化住院、小儿呼吸住院、小儿心脏病住院、小儿肾病住院、小儿神经病学住院、小二内分泌住院、小儿遗传病住院、小儿免疫住院、儿科其他住院', NULL, 2, '2022-05-19 20:27:39.000000');
INSERT INTO `departments`(`id`, `did`, `name`, `describe`, `update_time`, `status`, `create_time`) VALUES (44, '208', '小儿外科住院', '包括小儿普通外科住院、小儿骨科住院、小儿泌尿外科住院、小儿胸心外科住院、小儿神经外科住院、小儿外科其他住院', NULL, 2, '2022-05-19 20:28:49.000000');
INSERT INTO `departments`(`id`, `did`, `name`, `describe`, `update_time`, `status`, `create_time`) VALUES (45, '209', '儿童保健科住院', '包括儿童生长发育住院、儿童五官保健住院、儿童保健科其他住院', NULL, 2, '2022-05-19 20:29:47.000000');
INSERT INTO `departments`(`id`, `did`, `name`, `describe`, `update_time`, `status`, `create_time`) VALUES (46, '210', '眼科住院', '眼科住院', NULL, 2, '2022-05-19 20:30:14.000000');
INSERT INTO `departments`(`id`, `did`, `name`, `describe`, `update_time`, `status`, `create_time`) VALUES (47, '211', '耳鼻咽喉科住院', '包括耳科住院、鼻科住院、咽喉住院、耳鼻咽喉科其他住院', '2022-05-21 01:11:53.000000', 2, '2022-05-19 20:38:37.000000');

INSERT INTO `medicine`(`id`, `drug_name`, `common_name`, `unit`, `price`, `inventory`, `type`) VALUES (1, 'wer', 'wer', 'qwe', 131, 0, '停用药');
INSERT INTO `medicine`(`id`, `drug_name`, `common_name`, `unit`, `price`, `inventory`, `type`) VALUES (2, 'duhkfas', 'aaetaret', 'wera', 131, 2283, 'wer');
INSERT INTO `medicine`(`id`, `drug_name`, `common_name`, `unit`, `price`, `inventory`, `type`) VALUES (3, 'asfadsf', 'dfsfds', 'fas', 20, 0, 'fadsdsa');
INSERT INTO `medicine`(`id`, `drug_name`, `common_name`, `unit`, `price`, `inventory`, `type`) VALUES (7, 'awfewfsew', 'awgewaf', 'afwaf', 100, 0, 'waefw');
INSERT INTO `medicine`(`id`, `drug_name`, `common_name`, `unit`, `price`, `inventory`, `type`) VALUES (8, 'behtshsg', 'yjhsgsa', 'argsrg', 10, 0, 'asgag');
INSERT INTO `medicine`(`id`, `drug_name`, `common_name`, `unit`, `price`, `inventory`, `type`) VALUES (9, 'aaffesf', 'argsrf', 'afrsaf', 10, 0, 'asf10');
INSERT INTO `medicine`(`id`, `drug_name`, `common_name`, `unit`, `price`, `inventory`, `type`) VALUES (10, 'erawfef', 'ewgwg', 'asfe', 10, 0, 'asefd');
INSERT INTO `medicine`(`id`, `drug_name`, `common_name`, `unit`, `price`, `inventory`, `type`) VALUES (11, 'wef', 'ewf', 'ewf', 10, 0, 'wef');
INSERT INTO `medicine`(`id`, `drug_name`, `common_name`, `unit`, `price`, `inventory`, `type`) VALUES (12, 'efas', 'asdfasfd', 'asdf', 20, 10000, 'asf');
INSERT INTO `medicine`(`id`, `drug_name`, `common_name`, `unit`, `price`, `inventory`, `type`) VALUES (13, 'waef', 'asfe', 'asfd', 200, 1000, 'asfd');

INSERT INTO `inspection`(`id`, `name`, `content`, `price`, `type`, `inspect_time`) VALUES (1, '囧', '123124124', 213, '的', 4);

INSERT INTO `managers`(`id`, `name`, `gender`, `age`, `phone`, `address`, `status`, `update_time`, `create_time`, `id_number`, `user_id`, `type`) VALUES (1, '刘青松', '男', 42, '11111111111', 'here', 1, '2022-06-07 17:58:38.000000', '2022-05-20 00:41:44.000000', '9', 1, '超级管理员');
INSERT INTO `managers`(`id`, `name`, `gender`, `age`, `phone`, `address`, `status`, `update_time`, `create_time`, `id_number`, `user_id`, `type`) VALUES (2, 'ssl', '男', 21, '110', '', 1, '2022-05-22 14:01:25.000000', '2022-05-22 12:15:10.743285', '7', 22, '超级管理员');
INSERT INTO `managers`(`id`, `name`, `gender`, `age`, `phone`, `address`, `status`, `update_time`, `create_time`, `id_number`, `user_id`, `type`) VALUES (3, 'asdhk', '男', 123, '14135', 'dfsfhb', 1, NULL, '2022-06-12 19:32:03.639026', '14153', 37, '药库管理员');

INSERT INTO `patients`(`id`, `name`, `gender`, `age`, `phone`, `address`, `id_number`, `update_time`, `create_time`, `status`, `userId`) VALUES (1, 'lss', '男', 21, '110', 'here', '11', '2022-06-12 11:47:54.000000', '2022-05-21 17:54:42.000000', 1, 23);
INSERT INTO `patients`(`id`, `name`, `gender`, `age`, `phone`, `address`, `id_number`, `update_time`, `create_time`, `status`, `userId`) VALUES (2, '大叔', '男', 206, '111', 'there', '16', NULL, '2022-06-07 14:10:45.945003', 1, 25);
INSERT INTO `patients`(`id`, `name`, `gender`, `age`, `phone`, `address`, `id_number`, `update_time`, `create_time`, `status`, `userId`) VALUES (4, 'li', '男', 12, '232', 'sf34tgtw4sgz45', '412', '2022-06-10 19:40:08.000000', '2022-06-07 17:51:00.975463', 0, NULL);
INSERT INTO `patients`(`id`, `name`, `gender`, `age`, `phone`, `address`, `id_number`, `update_time`, `create_time`, `status`, `userId`) VALUES (8, 'li', '男', 123, '123123', '123123', '342', NULL, '2022-06-10 20:21:17.992031', 1, 31);
INSERT INTO `patients`(`id`, `name`, `gender`, `age`, `phone`, `address`, `id_number`, `update_time`, `create_time`, `status`, `userId`) VALUES (10, 'asfsa', '女', 1414, '142153', 'afgabgfv', '32531', NULL, '2022-06-11 19:45:20.931854', 1, 35);
INSERT INTO `patients`(`id`, `name`, `gender`, `age`, `phone`, `address`, `id_number`, `update_time`, `create_time`, `status`, `userId`) VALUES (11, 'rew', '男', 12421, '2142', 'gdsg', '2314', NULL, '2022-06-12 10:41:56.094751', 1, 36);

INSERT INTO `doctors`(`id`, `name`, `gender`, `age`, `phone`, `address`, `education`, `job`, `speciality`, `registerFee`, `status`, `update_time`, `create_time`, `id_number`, `did`, `user_id`) VALUES (1, '凉风', '男', 30, '11111111113', '', '本科', '主治医师', '对类风湿关节炎、风湿性关节炎、痛风等风湿病临床科研与诊疗颇有研究。擅长治疗关节疼痛、肿胀、活动受限等问题，临床经验丰富。', 100, 1, '2022-05-22 13:36:57.000000', '2022-05-20 19:21:38.000000', '1', 4, 11);
INSERT INTO `doctors`(`id`, `name`, `gender`, `age`, `phone`, `address`, `education`, `job`, `speciality`, `registerFee`, `status`, `update_time`, `create_time`, `id_number`, `did`, `user_id`) VALUES (2, '王', '男', 36, '111', '北京航空航天大学', '专科', '医师', '吃喝玩乐', 30, 1, '2022-05-22 11:02:08.000000', '2022-05-22 00:13:15.863356', '2', 4, 12);
INSERT INTO `doctors`(`id`, `name`, `gender`, `age`, `phone`, `address`, `education`, `job`, `speciality`, `registerFee`, `status`, `update_time`, `create_time`, `id_number`, `did`, `user_id`) VALUES (3, '李', '女', 27, '911', 'awerw', '博士', '主任医师', 'adsfjoiahsfiuh', 200, 0, '2022-05-22 01:19:47.000000', '2022-05-22 00:28:45.123101', '3', 5, NULL);
INSERT INTO `doctors`(`id`, `name`, `gender`, `age`, `phone`, `address`, `education`, `job`, `speciality`, `registerFee`, `status`, `update_time`, `create_time`, `id_number`, `did`, `user_id`) VALUES (4, '243', '男', 24, '234', '234', '本科', '住院医师', '234', 23, 0, '2022-05-22 01:19:45.000000', '2022-05-22 00:38:41.391565', '4', 6, NULL);
INSERT INTO `doctors`(`id`, `name`, `gender`, `age`, `phone`, `address`, `education`, `job`, `speciality`, `registerFee`, `status`, `update_time`, `create_time`, `id_number`, `did`, `user_id`) VALUES (5, 'zvz', '女', 23, '4324', 'afad', '专科', '住院医师', 'afdafdadf', 342, 0, '2022-05-22 11:05:10.000000', '2022-05-22 11:05:03.650374', '5', 19, NULL);
INSERT INTO `doctors`(`id`, `name`, `gender`, `age`, `phone`, `address`, `education`, `job`, `speciality`, `registerFee`, `status`, `update_time`, `create_time`, `id_number`, `did`, `user_id`) VALUES (6, '孙', '女', 46, '', '', '硕士', '主任医师', '', 500, 1, '2022-05-22 13:48:09.000000', '2022-05-22 11:10:15.256623', '6', 10, 16);
INSERT INTO `doctors`(`id`, `name`, `gender`, `age`, `phone`, `address`, `education`, `job`, `speciality`, `registerFee`, `status`, `update_time`, `create_time`, `id_number`, `did`, `user_id`) VALUES (7, '凉风2', '男', 30, '46464351', 'here', '硕士', '主任医师', 'dddd', 10, 1, '2022-06-12 11:49:13.000000', '2022-06-07 13:49:28.279642', '10', 2, 24);

INSERT INTO `beds`(`id`, `bid`, `price`, `type`, `status`, `create_time`, `update_time`, `department_id`) VALUES (1, 'A1', 1000, '备用床', 1, '2022-05-21 19:32:38.000000', NULL, 4);
INSERT INTO `beds`(`id`, `bid`, `price`, `type`, `status`, `create_time`, `update_time`, `department_id`) VALUES (2, 'A2', 500, '双摇床', 1, '2022-06-02 22:48:50.000000', NULL, 7);
INSERT INTO `beds`(`id`, `bid`, `price`, `type`, `status`, `create_time`, `update_time`, `department_id`) VALUES (4, 'D2', 50, '双摇床', 1, '2022-06-02 23:59:52.144859', '2022-06-03 00:20:27.000000', 8);
INSERT INTO `beds`(`id`, `bid`, `price`, `type`, `status`, `create_time`, `update_time`, `department_id`) VALUES (5, 'A3', 70, '双摇床', 1, '2022-06-03 00:05:57.158335', NULL, 3);
INSERT INTO `beds`(`id`, `bid`, `price`, `type`, `status`, `create_time`, `update_time`, `department_id`) VALUES (6, 'A4', 80, '', 1, '2022-06-07 18:48:33.000000', NULL, 4);
INSERT INTO `beds`(`id`, `bid`, `price`, `type`, `status`, `create_time`, `update_time`, `department_id`) VALUES (7, 'C3', 45, NULL, 1, '2022-06-07 21:39:27.000000', NULL, 6);
INSERT INTO `beds`(`id`, `bid`, `price`, `type`, `status`, `create_time`, `update_time`, `department_id`) VALUES (8, 'D5', 30, '双摇床', 2, '2022-06-13 08:56:16.000000', NULL, 2);

INSERT INTO `register_logs`(`id`, `register_time`, `create_time`, `registerFee`, `status`, `update_time`, `queue_time`, `doctor_id`, `patient_id`, `department_id`) VALUES (1, '2022-05-20', '2022-05-21 19:33:20.000000', 100, 1, NULL, NULL, 1, 1, 4);
INSERT INTO `register_logs`(`id`, `register_time`, `create_time`, `registerFee`, `status`, `update_time`, `queue_time`, `doctor_id`, `patient_id`, `department_id`) VALUES (2, '2022-06-15', '2022-06-07 14:33:44.270775', 10, 0, NULL, NULL, 7, 2, 2);
INSERT INTO `register_logs`(`id`, `register_time`, `create_time`, `registerFee`, `status`, `update_time`, `queue_time`, `doctor_id`, `patient_id`, `department_id`) VALUES (3, '2022-06-15', '2022-06-07 16:37:36.204840', 100, 0, NULL, NULL, 1, 1, 4);
INSERT INTO `register_logs`(`id`, `register_time`, `create_time`, `registerFee`, `status`, `update_time`, `queue_time`, `doctor_id`, `patient_id`, `department_id`) VALUES (4, '2022-06-09', '2022-06-07 17:51:33.778804', 30, 0, NULL, NULL, 2, 4, 4);
INSERT INTO `register_logs`(`id`, `register_time`, `create_time`, `registerFee`, `status`, `update_time`, `queue_time`, `doctor_id`, `patient_id`, `department_id`) VALUES (5, '2022-06-02', '2022-06-07 17:53:16.701841', 100, 0, NULL, NULL, 1, 4, 4);
INSERT INTO `register_logs`(`id`, `register_time`, `create_time`, `registerFee`, `status`, `update_time`, `queue_time`, `doctor_id`, `patient_id`, `department_id`) VALUES (6, '2022-06-08', '2022-06-07 18:27:52.997600', 500, 1, NULL, NULL, 6, 4, 10);
INSERT INTO `register_logs`(`id`, `register_time`, `create_time`, `registerFee`, `status`, `update_time`, `queue_time`, `doctor_id`, `patient_id`, `department_id`) VALUES (7, '2022-06-14', '2022-06-09 21:34:56.646605', 30, 0, NULL, NULL, 2, 1, 4);
INSERT INTO `register_logs`(`id`, `register_time`, `create_time`, `registerFee`, `status`, `update_time`, `queue_time`, `doctor_id`, `patient_id`, `department_id`) VALUES (8, '2022-06-13', '2022-06-09 21:35:08.302170', 30, 2, '2022-06-13 08:35:21.000000', NULL, 2, 1, 4);
INSERT INTO `register_logs`(`id`, `register_time`, `create_time`, `registerFee`, `status`, `update_time`, `queue_time`, `doctor_id`, `patient_id`, `department_id`) VALUES (9, '2022-06-11', '2022-06-10 10:47:45.567155', 30, 0, '2022-06-12 01:42:42.000000', NULL, 2, 1, 4);
INSERT INTO `register_logs`(`id`, `register_time`, `create_time`, `registerFee`, `status`, `update_time`, `queue_time`, `doctor_id`, `patient_id`, `department_id`) VALUES (10, '2022-06-14', '2022-06-12 18:10:14.952796', 10, 0, NULL, NULL, 7, 1, 2);
INSERT INTO `register_logs`(`id`, `register_time`, `create_time`, `registerFee`, `status`, `update_time`, `queue_time`, `doctor_id`, `patient_id`, `department_id`) VALUES (11, '2022-06-12', '2022-06-12 18:43:13.954351', 10, 0, NULL, NULL, 7, 1, 2);
INSERT INTO `register_logs`(`id`, `register_time`, `create_time`, `registerFee`, `status`, `update_time`, `queue_time`, `doctor_id`, `patient_id`, `department_id`) VALUES (12, '2022-06-13', '2022-06-13 08:53:50.729268', 10, 2, '2022-06-13 08:54:12.000000', NULL, 7, 1, 2);

INSERT INTO `hospitalization_logs`(`id`, `create_time`, `start_time`, `update_time`, `end_time`, `during_time`, `status`, `bed_id`, `department_id`, `doctor_id`, `patient_id`, `register_id`) VALUES (1, '2022-05-21 19:31:58.000000', '2022-06-13', '2022-06-13 00:58:36.000000', NULL, NULL, 0, 1, 4, 1, 1, 1);
INSERT INTO `hospitalization_logs`(`id`, `create_time`, `start_time`, `update_time`, `end_time`, `during_time`, `status`, `bed_id`, `department_id`, `doctor_id`, `patient_id`, `register_id`) VALUES (2, '2022-06-13 08:35:21.561933', '2022-06-14', '2022-06-13 08:38:22.000000', NULL, NULL, 0, 6, 4, 2, 1, 8);
INSERT INTO `hospitalization_logs`(`id`, `create_time`, `start_time`, `update_time`, `end_time`, `during_time`, `status`, `bed_id`, `department_id`, `doctor_id`, `patient_id`, `register_id`) VALUES (3, '2022-06-13 08:54:12.283295', '2022-06-13', '2022-06-13 08:56:27.000000', NULL, NULL, 2, 8, 2, 7, 1, 12);

INSERT INTO `medical_advice`(`id`, `oid`, `content`, `type`, `start_time`, `end_time`, `inspect_pre_time`, `inspect_time`, `dose`, `freq`, `times`, `all_freq`, `medication`, `price`, `end_doctor`, `inhospital_log`, `inspection_id`, `medicine_id`, `register_log`, `start_doctor`, `create_time`, `diagnosis`, `symptom`) VALUES (1, '1223dsf', 'dsfdf', 3, '2022-06-07 15:55:51.000000', '2022-06-07 15:55:49.000000', NULL, NULL, 12, 1, NULL, NULL, 'Fgad', 341, 4, 1, NULL, 1, 1, 4, '2022-06-10 14:58:54.000000', NULL, NULL);
INSERT INTO `medical_advice`(`id`, `oid`, `content`, `type`, `start_time`, `end_time`, `inspect_pre_time`, `inspect_time`, `dose`, `freq`, `times`, `all_freq`, `medication`, `price`, `end_doctor`, `inhospital_log`, `inspection_id`, `medicine_id`, `register_log`, `start_doctor`, `create_time`, `diagnosis`, `symptom`) VALUES (2, '10001', '', 3, '2022-06-07 00:00:00.000000', '2022-06-16 00:00:00.000000', '2022-06-10 00:21:45.032033', NULL, 2, 2, 2, 10, 'asd', 104.8, NULL, 1, NULL, 1, NULL, 1, '2022-06-10 14:58:59.000000', NULL, NULL);
INSERT INTO `medical_advice`(`id`, `oid`, `content`, `type`, `start_time`, `end_time`, `inspect_pre_time`, `inspect_time`, `dose`, `freq`, `times`, `all_freq`, `medication`, `price`, `end_doctor`, `inhospital_log`, `inspection_id`, `medicine_id`, `register_log`, `start_doctor`, `create_time`, `diagnosis`, `symptom`) VALUES (3, '10001', 'asafafadf', 3, '2022-06-02 00:00:00.000000', '2022-06-15 00:00:00.000000', '2022-06-10 00:25:13.305435', NULL, 3, 2, 3, 14, 'asffad', 168.42857142857142, NULL, 1, NULL, 1, NULL, 1, '2022-06-10 14:58:57.000000', NULL, NULL);
INSERT INTO `medical_advice`(`id`, `oid`, `content`, `type`, `start_time`, `end_time`, `inspect_pre_time`, `inspect_time`, `dose`, `freq`, `times`, `all_freq`, `medication`, `price`, `end_doctor`, `inhospital_log`, `inspection_id`, `medicine_id`, `register_log`, `start_doctor`, `create_time`, `diagnosis`, `symptom`) VALUES (4, '10001', 'asafafadf', 3, '2022-06-14 00:00:00.000000', '2022-06-21 00:00:00.000000', '2022-06-10 00:25:13.315433', NULL, 3, 2, 3, 8, 'afaf', 294.75, NULL, 1, NULL, 1, NULL, 1, '2022-06-10 14:59:01.000000', NULL, NULL);
INSERT INTO `medical_advice`(`id`, `oid`, `content`, `type`, `start_time`, `end_time`, `inspect_pre_time`, `inspect_time`, `dose`, `freq`, `times`, `all_freq`, `medication`, `price`, `end_doctor`, `inhospital_log`, `inspection_id`, `medicine_id`, `register_log`, `start_doctor`, `create_time`, `diagnosis`, `symptom`) VALUES (14, '10002', '12few', 4, '2022-06-11 22:19:45.000000', NULL, '2022-06-12 02:19:50.000000', '2022-06-11 22:20:07.000000', 1, 1, 1, 1, 'adfa', 213, NULL, 1, 1, NULL, NULL, 4, '2022-06-11 22:20:56.000000', NULL, NULL);
INSERT INTO `medical_advice`(`id`, `oid`, `content`, `type`, `start_time`, `end_time`, `inspect_pre_time`, `inspect_time`, `dose`, `freq`, `times`, `all_freq`, `medication`, `price`, `end_doctor`, `inhospital_log`, `inspection_id`, `medicine_id`, `register_log`, `start_doctor`, `create_time`, `diagnosis`, `symptom`) VALUES (15, '10003', '12few', 4, '2022-06-11 22:19:45.000000', NULL, '2022-06-12 02:19:50.000000', '2022-06-11 22:20:07.000000', 1, 1, 1, 1, 'adfa', 213, NULL, 1, 1, NULL, NULL, 4, '2022-06-11 22:20:56.000000', NULL, NULL);
INSERT INTO `medical_advice`(`id`, `oid`, `content`, `type`, `start_time`, `end_time`, `inspect_pre_time`, `inspect_time`, `dose`, `freq`, `times`, `all_freq`, `medication`, `price`, `end_doctor`, `inhospital_log`, `inspection_id`, `medicine_id`, `register_log`, `start_doctor`, `create_time`, `diagnosis`, `symptom`) VALUES (16, '10002', '12few', 4, '2022-06-11 22:19:45.000000', NULL, '2022-06-12 02:19:50.000000', '2022-06-11 22:20:07.000000', 1, 1, 1, 1, 'adfa', 213, NULL, 1, 1, NULL, NULL, 4, '2022-06-11 22:20:56.000000', NULL, NULL);
INSERT INTO `medical_advice`(`id`, `oid`, `content`, `type`, `start_time`, `end_time`, `inspect_pre_time`, `inspect_time`, `dose`, `freq`, `times`, `all_freq`, `medication`, `price`, `end_doctor`, `inhospital_log`, `inspection_id`, `medicine_id`, `register_log`, `start_doctor`, `create_time`, `diagnosis`, `symptom`) VALUES (17, '10002', '12few', 4, '2022-06-11 22:19:45.000000', NULL, '2022-06-12 02:19:50.000000', '2022-06-11 22:20:07.000000', 1, 1, 1, 1, 'adfa', 213, NULL, 1, 1, NULL, NULL, 4, '2022-06-11 22:20:56.000000', NULL, NULL);
INSERT INTO `medical_advice`(`id`, `oid`, `content`, `type`, `start_time`, `end_time`, `inspect_pre_time`, `inspect_time`, `dose`, `freq`, `times`, `all_freq`, `medication`, `price`, `end_doctor`, `inhospital_log`, `inspection_id`, `medicine_id`, `register_log`, `start_doctor`, `create_time`, `diagnosis`, `symptom`) VALUES (18, '1012022612140613', 'fadfgawf', 3, '2022-06-14 00:00:00.000000', '2022-06-21 00:00:00.000000', '2022-06-12 14:06:31.195086', NULL, 2, 2, 2, 8, 'sdf', 131, NULL, 1, NULL, 1, NULL, 1, '2022-06-12 14:06:31.000000', NULL, NULL);
INSERT INTO `medical_advice`(`id`, `oid`, `content`, `type`, `start_time`, `end_time`, `inspect_pre_time`, `inspect_time`, `dose`, `freq`, `times`, `all_freq`, `medication`, `price`, `end_doctor`, `inhospital_log`, `inspection_id`, `medicine_id`, `register_log`, `start_doctor`, `create_time`, `diagnosis`, `symptom`) VALUES (19, '1012022612141644', 'afaf', 4, '2022-06-15 00:00:00.000000', NULL, '2022-06-12 14:16:52.662453', NULL, 1, 1, 1, 1, NULL, 213, NULL, 1, 1, NULL, NULL, 1, NULL, NULL, NULL);
INSERT INTO `medical_advice`(`id`, `oid`, `content`, `type`, `start_time`, `end_time`, `inspect_pre_time`, `inspect_time`, `dose`, `freq`, `times`, `all_freq`, `medication`, `price`, `end_doctor`, `inhospital_log`, `inspection_id`, `medicine_id`, `register_log`, `start_doctor`, `create_time`, `diagnosis`, `symptom`) VALUES (20, '1012022612141952', 'faffd', 3, '2022-06-29 00:00:00.000000', '2022-06-30 00:00:00.000000', '2022-06-12 14:20:07.433536', NULL, 2, 1, 2, 2, 'agds', 262, NULL, 1, NULL, 1, NULL, 1, '2022-06-12 14:20:07.000000', NULL, NULL);
INSERT INTO `medical_advice`(`id`, `oid`, `content`, `type`, `start_time`, `end_time`, `inspect_pre_time`, `inspect_time`, `dose`, `freq`, `times`, `all_freq`, `medication`, `price`, `end_doctor`, `inhospital_log`, `inspection_id`, `medicine_id`, `register_log`, `start_doctor`, `create_time`, `diagnosis`, `symptom`) VALUES (21, '1012022612142328', 'asdad', 3, '2022-06-21 00:00:00.000000', '2022-06-24 00:00:00.000000', '2022-06-12 14:23:43.218170', NULL, 2, 1, 2, 4, 'afda', 131, NULL, 1, NULL, 1, NULL, 1, '2022-06-12 14:23:43.000000', NULL, NULL);
INSERT INTO `medical_advice`(`id`, `oid`, `content`, `type`, `start_time`, `end_time`, `inspect_pre_time`, `inspect_time`, `dose`, `freq`, `times`, `all_freq`, `medication`, `price`, `end_doctor`, `inhospital_log`, `inspection_id`, `medicine_id`, `register_log`, `start_doctor`, `create_time`, `diagnosis`, `symptom`) VALUES (22, '1012022612142354', 'sadd', 4, '2022-06-27 00:00:00.000000', NULL, '2022-06-12 14:24:01.693855', NULL, 1, 1, 1, 1, NULL, 213, NULL, 1, 1, NULL, NULL, 1, NULL, NULL, NULL);
INSERT INTO `medical_advice`(`id`, `oid`, `content`, `type`, `start_time`, `end_time`, `inspect_pre_time`, `inspect_time`, `dose`, `freq`, `times`, `all_freq`, `medication`, `price`, `end_doctor`, `inhospital_log`, `inspection_id`, `medicine_id`, `register_log`, `start_doctor`, `create_time`, `diagnosis`, `symptom`) VALUES (23, '1012022612142449', 'sadd', 4, '2022-06-27 00:00:00.000000', NULL, '2022-06-12 14:24:50.921576', NULL, 1, 1, 1, 1, NULL, 213, NULL, 1, 1, NULL, NULL, 1, NULL, NULL, NULL);
INSERT INTO `medical_advice`(`id`, `oid`, `content`, `type`, `start_time`, `end_time`, `inspect_pre_time`, `inspect_time`, `dose`, `freq`, `times`, `all_freq`, `medication`, `price`, `end_doctor`, `inhospital_log`, `inspection_id`, `medicine_id`, `register_log`, `start_doctor`, `create_time`, `diagnosis`, `symptom`) VALUES (24, '1012022612142541', 'sadd', 4, '2022-06-27 00:00:00.000000', NULL, '2022-06-12 14:25:55.156546', NULL, 1, 1, 1, 1, NULL, 213, NULL, 1, 1, NULL, NULL, 1, NULL, NULL, NULL);
INSERT INTO `medical_advice`(`id`, `oid`, `content`, `type`, `start_time`, `end_time`, `inspect_pre_time`, `inspect_time`, `dose`, `freq`, `times`, `all_freq`, `medication`, `price`, `end_doctor`, `inhospital_log`, `inspection_id`, `medicine_id`, `register_log`, `start_doctor`, `create_time`, `diagnosis`, `symptom`) VALUES (25, '1012022612142541', 'sadd', 4, '2022-06-14 00:00:00.000000', NULL, '2022-06-12 14:25:55.182547', NULL, 1, 1, 1, 1, NULL, 213, NULL, 1, 1, NULL, NULL, 1, NULL, NULL, NULL);
INSERT INTO `medical_advice`(`id`, `oid`, `content`, `type`, `start_time`, `end_time`, `inspect_pre_time`, `inspect_time`, `dose`, `freq`, `times`, `all_freq`, `medication`, `price`, `end_doctor`, `inhospital_log`, `inspection_id`, `medicine_id`, `register_log`, `start_doctor`, `create_time`, `diagnosis`, `symptom`) VALUES (26, '1012022612153127', '243114', 4, '2022-06-20 00:00:00.000000', NULL, NULL, NULL, 1, 1, 1, 1, NULL, 213, NULL, 1, 1, NULL, NULL, 1, NULL, NULL, NULL);
INSERT INTO `medical_advice`(`id`, `oid`, `content`, `type`, `start_time`, `end_time`, `inspect_pre_time`, `inspect_time`, `dose`, `freq`, `times`, `all_freq`, `medication`, `price`, `end_doctor`, `inhospital_log`, `inspection_id`, `medicine_id`, `register_log`, `start_doctor`, `create_time`, `diagnosis`, `symptom`) VALUES (27, '1012022612153127', '243114', 4, '2022-06-22 00:00:00.000000', NULL, NULL, NULL, 1, 1, 1, 1, NULL, 213, NULL, 1, 1, NULL, NULL, 1, NULL, NULL, NULL);
INSERT INTO `medical_advice`(`id`, `oid`, `content`, `type`, `start_time`, `end_time`, `inspect_pre_time`, `inspect_time`, `dose`, `freq`, `times`, `all_freq`, `medication`, `price`, `end_doctor`, `inhospital_log`, `inspection_id`, `medicine_id`, `register_log`, `start_doctor`, `create_time`, `diagnosis`, `symptom`) VALUES (28, '1012022612153127', '243114', 4, '2022-06-27 00:00:00.000000', NULL, NULL, NULL, 1, 1, 1, 1, NULL, 213, NULL, 1, 1, NULL, NULL, 1, NULL, NULL, NULL);
INSERT INTO `medical_advice`(`id`, `oid`, `content`, `type`, `start_time`, `end_time`, `inspect_pre_time`, `inspect_time`, `dose`, `freq`, `times`, `all_freq`, `medication`, `price`, `end_doctor`, `inhospital_log`, `inspection_id`, `medicine_id`, `register_log`, `start_doctor`, `create_time`, `diagnosis`, `symptom`) VALUES (29, '103202261391256', '发放', 3, '2022-06-13 00:00:00.000000', '2022-06-22 00:00:00.000000', NULL, NULL, 2, 1, 3, 10, '涂抹', 7860, NULL, 3, NULL, 2, NULL, 7, '2022-06-13 09:13:47.000000', NULL, NULL);

INSERT INTO `e-wallet`(`id`, `balance`, `user_id`) VALUES (1, 20, 23);
INSERT INTO `e-wallet`(`id`, `balance`, `user_id`) VALUES (2, 0, 31);
INSERT INTO `e-wallet`(`id`, `balance`, `user_id`) VALUES (8, 0, 35);
INSERT INTO `e-wallet`(`id`, `balance`, `user_id`) VALUES (9, 0, 36);

INSERT INTO `dealing`(`id`, `price`, `type`, `e-wallet`, `medical_advice`, `bed_price`, `inhospital_log`, `dealTime`, `paymethod`) VALUES (2, 10, '充值', 1, NULL, NULL, NULL, '2022-06-11 14:55:51.672586', NULL);
INSERT INTO `dealing`(`id`, `price`, `type`, `e-wallet`, `medical_advice`, `bed_price`, `inhospital_log`, `dealTime`, `paymethod`) VALUES (4, 2, '提现', 1, NULL, NULL, NULL, '2022-06-11 15:16:12.356155', NULL);
INSERT INTO `dealing`(`id`, `price`, `type`, `e-wallet`, `medical_advice`, `bed_price`, `inhospital_log`, `dealTime`, `paymethod`) VALUES (5, 10, '充值', 1, NULL, NULL, NULL, '2022-06-11 15:16:45.536096', NULL);
INSERT INTO `dealing`(`id`, `price`, `type`, `e-wallet`, `medical_advice`, `bed_price`, `inhospital_log`, `dealTime`, `paymethod`) VALUES (10, 18, '提现', 1, NULL, NULL, NULL, '2022-06-11 18:42:20.717660', NULL);
INSERT INTO `dealing`(`id`, `price`, `type`, `e-wallet`, `medical_advice`, `bed_price`, `inhospital_log`, `dealTime`, `paymethod`) VALUES (11, 10, '充值', 1, NULL, NULL, NULL, '2022-06-11 19:08:57.202574', NULL);
INSERT INTO `dealing`(`id`, `price`, `type`, `e-wallet`, `medical_advice`, `bed_price`, `inhospital_log`, `dealTime`, `paymethod`) VALUES (12, 10, '充值', 1, NULL, NULL, NULL, '2022-06-11 19:46:27.287101', NULL);
INSERT INTO `dealing`(`id`, `price`, `type`, `e-wallet`, `medical_advice`, `bed_price`, `inhospital_log`, `dealTime`, `paymethod`) VALUES (13, 1, '提现', 1, NULL, NULL, NULL, '2022-06-11 19:47:04.729191', NULL);
INSERT INTO `dealing`(`id`, `price`, `type`, `e-wallet`, `medical_advice`, `bed_price`, `inhospital_log`, `dealTime`, `paymethod`) VALUES (14, 12414, '充值', 1, NULL, NULL, NULL, '2022-06-11 20:51:12.060994', '微信');
INSERT INTO `dealing`(`id`, `price`, `type`, `e-wallet`, `medical_advice`, `bed_price`, `inhospital_log`, `dealTime`, `paymethod`) VALUES (15, 300, '提现', 1, NULL, NULL, NULL, '2022-06-11 22:29:20.256068', 'VISA');
INSERT INTO `dealing`(`id`, `price`, `type`, `e-wallet`, `medical_advice`, `bed_price`, `inhospital_log`, `dealTime`, `paymethod`) VALUES (16, 12133, '提现', 1, NULL, NULL, NULL, '2022-06-11 22:32:19.983747', '支付宝');
INSERT INTO `dealing`(`id`, `price`, `type`, `e-wallet`, `medical_advice`, `bed_price`, `inhospital_log`, `dealTime`, `paymethod`) VALUES (17, 10, '充值', 1, NULL, NULL, NULL, '2022-06-12 01:44:19.934393', '微信');
INSERT INTO `dealing`(`id`, `price`, `type`, `e-wallet`, `medical_advice`, `bed_price`, `inhospital_log`, `dealTime`, `paymethod`) VALUES (18, 5, '提现', 1, NULL, NULL, NULL, '2022-06-12 01:44:26.465621', '支付宝');
INSERT INTO `dealing`(`id`, `price`, `type`, `e-wallet`, `medical_advice`, `bed_price`, `inhospital_log`, `dealTime`, `paymethod`) VALUES (19, 5, '提现', 1, NULL, NULL, NULL, '2022-06-12 01:46:20.725664', '微信');
INSERT INTO `dealing`(`id`, `price`, `type`, `e-wallet`, `medical_advice`, `bed_price`, `inhospital_log`, `dealTime`, `paymethod`) VALUES (20, -1000, '消费', 1, NULL, 1000, 1, '2022-06-12 12:17:01.299877', NULL);
INSERT INTO `dealing`(`id`, `price`, `type`, `e-wallet`, `medical_advice`, `bed_price`, `inhospital_log`, `dealTime`, `paymethod`) VALUES (25, -1000, '消费', 1, NULL, 1000, 1, '2022-06-12 13:33:16.021480', NULL);
INSERT INTO `dealing`(`id`, `price`, `type`, `e-wallet`, `medical_advice`, `bed_price`, `inhospital_log`, `dealTime`, `paymethod`) VALUES (26, 2, '充值', 1, NULL, NULL, NULL, '2022-06-12 13:34:14.620004', '支付宝');
INSERT INTO `dealing`(`id`, `price`, `type`, `e-wallet`, `medical_advice`, `bed_price`, `inhospital_log`, `dealTime`, `paymethod`) VALUES (27, 2, '提现', 1, NULL, NULL, NULL, '2022-06-12 13:34:19.037213', '微信');
INSERT INTO `dealing`(`id`, `price`, `type`, `e-wallet`, `medical_advice`, `bed_price`, `inhospital_log`, `dealTime`, `paymethod`) VALUES (28, -1000, '消费', 1, NULL, 1000, 1, '2022-06-12 13:38:18.330711', NULL);
INSERT INTO `dealing`(`id`, `price`, `type`, `e-wallet`, `medical_advice`, `bed_price`, `inhospital_log`, `dealTime`, `paymethod`) VALUES (30, 10, '充值', 1, NULL, NULL, NULL, '2022-06-12 13:59:06.472045', '微信');
INSERT INTO `dealing`(`id`, `price`, `type`, `e-wallet`, `medical_advice`, `bed_price`, `inhospital_log`, `dealTime`, `paymethod`) VALUES (31, -131, '消费', 1, 18, NULL, NULL, '2022-06-12 14:06:31.203087', NULL);
INSERT INTO `dealing`(`id`, `price`, `type`, `e-wallet`, `medical_advice`, `bed_price`, `inhospital_log`, `dealTime`, `paymethod`) VALUES (32, 300, '充值', 1, NULL, NULL, NULL, '2022-06-12 14:07:56.373580', '支付宝');
INSERT INTO `dealing`(`id`, `price`, `type`, `e-wallet`, `medical_advice`, `bed_price`, `inhospital_log`, `dealTime`, `paymethod`) VALUES (33, -213, '消费', 1, 19, NULL, NULL, '2022-06-12 14:16:52.671452', NULL);
INSERT INTO `dealing`(`id`, `price`, `type`, `e-wallet`, `medical_advice`, `bed_price`, `inhospital_log`, `dealTime`, `paymethod`) VALUES (34, -262, '消费', 1, 20, NULL, NULL, '2022-06-12 14:20:07.439500', NULL);
INSERT INTO `dealing`(`id`, `price`, `type`, `e-wallet`, `medical_advice`, `bed_price`, `inhospital_log`, `dealTime`, `paymethod`) VALUES (35, -131, '消费', 1, 21, NULL, NULL, '2022-06-12 14:23:43.224170', NULL);
INSERT INTO `dealing`(`id`, `price`, `type`, `e-wallet`, `medical_advice`, `bed_price`, `inhospital_log`, `dealTime`, `paymethod`) VALUES (36, -213, '消费', 1, 22, NULL, NULL, '2022-06-12 14:24:01.702857', NULL);
INSERT INTO `dealing`(`id`, `price`, `type`, `e-wallet`, `medical_advice`, `bed_price`, `inhospital_log`, `dealTime`, `paymethod`) VALUES (37, -213, '消费', 1, 23, NULL, NULL, '2022-06-12 14:24:50.932586', NULL);
INSERT INTO `dealing`(`id`, `price`, `type`, `e-wallet`, `medical_advice`, `bed_price`, `inhospital_log`, `dealTime`, `paymethod`) VALUES (38, -213, '消费', 1, 24, NULL, NULL, '2022-06-12 14:25:55.167545', NULL);
INSERT INTO `dealing`(`id`, `price`, `type`, `e-wallet`, `medical_advice`, `bed_price`, `inhospital_log`, `dealTime`, `paymethod`) VALUES (39, -213, '消费', 1, 25, NULL, NULL, '2022-06-12 14:25:55.191584', NULL);
INSERT INTO `dealing`(`id`, `price`, `type`, `e-wallet`, `medical_advice`, `bed_price`, `inhospital_log`, `dealTime`, `paymethod`) VALUES (40, 4359, '充值', 1, NULL, NULL, NULL, '2022-06-12 15:04:27.197105', '支付宝');
INSERT INTO `dealing`(`id`, `price`, `type`, `e-wallet`, `medical_advice`, `bed_price`, `inhospital_log`, `dealTime`, `paymethod`) VALUES (41, -213, '消费', 1, 26, NULL, NULL, '2022-06-12 15:31:56.634024', NULL);
INSERT INTO `dealing`(`id`, `price`, `type`, `e-wallet`, `medical_advice`, `bed_price`, `inhospital_log`, `dealTime`, `paymethod`) VALUES (42, -213, '消费', 1, 27, NULL, NULL, '2022-06-12 15:31:56.659025', NULL);
INSERT INTO `dealing`(`id`, `price`, `type`, `e-wallet`, `medical_advice`, `bed_price`, `inhospital_log`, `dealTime`, `paymethod`) VALUES (43, -213, '消费', 1, 28, NULL, NULL, '2022-06-12 15:31:56.681027', NULL);
INSERT INTO `dealing`(`id`, `price`, `type`, `e-wallet`, `medical_advice`, `bed_price`, `inhospital_log`, `dealTime`, `paymethod`) VALUES (50, 3193, '充值', 1, NULL, NULL, NULL, '2022-06-12 15:57:13.891571', '微信');
INSERT INTO `dealing`(`id`, `price`, `type`, `e-wallet`, `medical_advice`, `bed_price`, `inhospital_log`, `dealTime`, `paymethod`) VALUES (52, 2, '充值', 1, NULL, NULL, NULL, '2022-06-12 15:58:42.709593', '支付宝');
INSERT INTO `dealing`(`id`, `price`, `type`, `e-wallet`, `medical_advice`, `bed_price`, `inhospital_log`, `dealTime`, `paymethod`) VALUES (73, 19, '充值', 1, NULL, NULL, NULL, '2022-06-12 18:41:14.728229', '微信');
INSERT INTO `dealing`(`id`, `price`, `type`, `e-wallet`, `medical_advice`, `bed_price`, `inhospital_log`, `dealTime`, `paymethod`) VALUES (74, 30, '充值', 1, NULL, NULL, NULL, '2022-06-12 23:59:25.976545', '微信');
INSERT INTO `dealing`(`id`, `price`, `type`, `e-wallet`, `medical_advice`, `bed_price`, `inhospital_log`, `dealTime`, `paymethod`) VALUES (75, 20, '充值', 1, NULL, NULL, NULL, '2022-06-13 00:43:24.263952', 'VISA');
INSERT INTO `dealing`(`id`, `price`, `type`, `e-wallet`, `medical_advice`, `bed_price`, `inhospital_log`, `dealTime`, `paymethod`) VALUES (79, 100, '充值', 1, NULL, NULL, NULL, '2022-06-13 08:35:49.635334', 'VISA');
INSERT INTO `dealing`(`id`, `price`, `type`, `e-wallet`, `medical_advice`, `bed_price`, `inhospital_log`, `dealTime`, `paymethod`) VALUES (80, 80, '消费', 1, NULL, 80, 2, '2022-06-13 08:38:53.873343', NULL);
INSERT INTO `dealing`(`id`, `price`, `type`, `e-wallet`, `medical_advice`, `bed_price`, `inhospital_log`, `dealTime`, `paymethod`) VALUES (81, 20, '充值', 1, NULL, NULL, NULL, '2022-06-13 08:56:44.389334', '微信');
INSERT INTO `dealing`(`id`, `price`, `type`, `e-wallet`, `medical_advice`, `bed_price`, `inhospital_log`, `dealTime`, `paymethod`) VALUES (82, -7860, '消费', 1, 29, NULL, NULL, '2022-06-13 09:13:47.690033', NULL);

INSERT INTO `inware`(`id`, `inware_id`, `producer`, `inware_time`, `price`, `handler`, `recorder_id`) VALUES (11, 'ABCDEFGHIJ', 'sadfa', '2022-06-13', 400000, 'awfe', 3);

INSERT INTO `inware_detail`(`id`, `inware_detail_id`, `price`, `plusPrice`, `num`, `unit`, `drugName`, `commonName`, `type`, `remarks`, `inware_id`) VALUES (12, 'ABCDEFGHIJ01', 20, 200000, 10000, 'asdf', 'efas', 'asdfasfd', 'asf', 'aefefef', 11);
INSERT INTO `inware_detail`(`id`, `inware_detail_id`, `price`, `plusPrice`, `num`, `unit`, `drugName`, `commonName`, `type`, `remarks`, `inware_id`) VALUES (13, 'ABCDEFGHIJ02', 200, 200000, 1000, 'asfd', 'waef', 'asfe', 'asfd', 'awefawef', 11);